counter,image,label,type,defected
1,201712140931_PHILIPSECA816E_1101_f2T2ME_3SENSEp1o0.e03_0000.nii.gz,201712140931_PHILIPSECA816E_1101_f2T2ME_3SENSEp1o0.e02_labels.nii.gz,match,defected labels
2,202305031439_PHILIPSECA816E_901_pip5T2ME_3SENSEp1o1.e01_0000.nii.gz,202305031439_PHILIPSECA816E_901_pip5T2ME_3SENSEp1o1.e02_labels.nii.gz,match,
3,201711161132_PHILIPSECA816E_1101_f2T2ME_3SENSEp1o0.e01_0000.nii.gz,201711161132_PHILIPSECA816E_1101_f2T2ME_3SENSEp1o0.e02_labels.nii.gz,match,
4,fm0281_fm_202405221329_AWP206040_15_ep2d_fid_ME_cor_gp2_whole_s015a2001_0000.nii.gz,fm0281_fm_202405221329_AWP206040_15_ep2d_fid_ME_cor_gp2_w_seg_s015a2001_labels.nii.gz,match,
5,201712130925_PHILIPSECA816E_1701_f2T2ME_3SENSEp1o0.e03_0000.nii.gz,201712130925_PHILIPSECA816E_1701_f2T2ME_3SENSEp1o0.e02_labels.nii.gz,match,
6,202308291218_PHILIPSECA816E_901_pip5T2ME_3SENSEp1o1.e02_0000.nii.gz,202308291218_PHILIPSECA816E_901_pip5T2ME_3SENSEp1o1.e02_labels.nii.gz,match,
7,00062_CARP_201912131157_PHILIPSJ2LF9B9_301_PIH1T2ME_corSENSE.e05_0000.nii.gz,00062_CARP_201912131157_PHILIPSJ2LF9B9_301_PIH1T2ME_corSENSE.e02_labels.nii.gz,match,
8,0014_CARP_201912030844_PHILIPSJ2LF9B9_401_PIH1T2ME_corSENSE.e01_0000.nii.gz,0014_CARP_201912030844_PHILIPSJ2LF9B9_401_PIH1T2ME_corSENSE.e02_labels.nii.gz,match,
9,202112140939_PHILIPSECA816E_2701_pip5T2ME_3SENSEp1o1.e03_0000.nii.gz,202112140939_PHILIPSECA816E_2701_pip5T2ME_3SENSEp1o1.e02_labels.nii.gz,match,
10,00062_CARP_201912131157_PHILIPSJ2LF9B9_301_PIH1T2ME_corSENSE.e03_0000.nii.gz,00062_CARP_201912131157_PHILIPSJ2LF9B9_301_PIH1T2ME_corSENSE.e02_labels.nii.gz,match,
11,fm0304_fm_202408121603_AWP206040_6_mege_t2star_cor_wholeuterus_s006a3001_0000.nii.gz,fm0304_fm_202408121603_AWP206040_6_mege_t2star_cor_wholeuterus_seg_s006a2001_labels.nii.gz,mismatch,
11,202201261421_PHILIPSECA816E_2601_pip5T2ME_3SENSEp1o1.e02_0000.nii.gz,202201261421_PHILIPSECA816E_2601_pip5T2ME_3SENSEp1o1.e02_labels.nii.gz,match,
12,0020_CARP_202001140912_PHILIPSJ2LF9B9_401_PIH1T2ME_corSENSE.e01_0000.nii.gz,0020_CARP_202001140912_PHILIPSJ2LF9B9_401_PIH1T2ME_corSENSE.e02_labels.nii.gz,match,
13,201910100932_PHILIPSJ2LF9B9_1901_PIH1T2ME_corSENSE.e02_0000.nii.gz,201910100932_PHILIPSJ2LF9B9_1901_PIH1T2ME_corSENSE.e02_labels.nii.gz,match,
14,51_PIP_201708251138_PHILIPSECA816E_1201_f2T2ME3SENSEp1o0.e05_0000.nii.gz,51_PIP_201708251138_PHILIPSECA816E_1201_f2T2ME3SENSEp1o0.e02_labels.nii.gz,match,
15,201910100932_PHILIPSJ2LF9B9_1901_PIH1T2ME_corSENSE.e01_0000.nii.gz,201910100932_PHILIPSJ2LF9B9_1901_PIH1T2ME_corSENSE.e02_labels.nii.gz,match,
16,202211161623_PHILIPSECA816E_701_pip5T2ME_3SENSEp1o1.e02_0000.nii.gz,202211161623_PHILIPSECA816E_701_pip5T2ME_3SENSEp1o1.e02_labels.nii.gz,match,
17,0001_pronto_202112211351_PHILIPSECA816E_1601_pip5T2ME_2SENSEp1o1.e03_0000.nii.gz,0001_pronto_202112211351_PHILIPSECA816E_1601_pip5T2ME_2SENSEp1o1.e02_labels.nii.gz,match,
18,0021_CARP_202002111444_PHILIPSJ2LF9B9_1901_PIH1T2ME_corSENSE.e02_0000.nii.gz,0021_CARP_202002111444_PHILIPSJ2LF9B9_1901_PIH1T2ME_corSENSE.e02_labels.nii.gz,match,
19,201708010947_PHILIPSECA816E_1701_f2T2ME3SENSEp1o0.e03_0000.nii.gz,201708010947_PHILIPSECA816E_1701_f2T2ME3SENSEp1o0.e02_labels.nii.gz,match,
20,201910031234_PHILIPSJ2LF9B9_401_PIH1T2ME_corSENSE.e05_0000.nii.gz,201910031234_PHILIPSJ2LF9B9_401_PIH1T2ME_corSENSE.e02_labels.nii.gz,match,
21,0020_CARP_202001140912_PHILIPSJ2LF9B9_401_PIH1T2ME_corSENSE.e02_0000.nii.gz,0020_CARP_202001140912_PHILIPSJ2LF9B9_401_PIH1T2ME_corSENSE.e02_labels.nii.gz,match,
22,0011_CARP_201911190844_PHILIPSJ2LF9B9_1901_PIH1T2ME_corSENSE.e03_0000.nii.gz,0011_CARP_201911190844_PHILIPSJ2LF9B9_1901_PIH1T2ME_corSENSE.e02_labels.nii.gz,match,
23,0001_pronto_202112211351_PHILIPSECA816E_1601_pip5T2ME_2SENSEp1o1.e01_0000.nii.gz,0001_pronto_202112211351_PHILIPSECA816E_1601_pip5T2ME_2SENSEp1o1.e02_labels.nii.gz,match,
24,201709251447_PHILIPSECA816E_2401_f2T2ME3SENSEp1o0.e05_0000.nii.gz,201709251447_PHILIPSECA816E_2401_f2T2ME3SENSEp1o0.e02_labels.nii.gz,match,
25,202208011455_PHILIPSECA816E_701_pip5T2ME_3SENSEp1o1.e04_0000.nii.gz,202208011455_PHILIPSECA816E_701_pip5T2ME_3SENSEp1o1.e02_labels.nii.gz,match,
26,202406261332_AWP206040_5_mege_t2star_cor_wholeuterus_s005a3001_0000.nii.gz,202406261332_AWP206040_5_mege_t2star_cor_wholeuterus_seg_s005a2001_labels.nii.gz,mismatch,
26,0001_pronto_202112211351_PHILIPSECA816E_1601_pip5T2ME_2SENSEp1o1.e04_0000.nii.gz,0001_pronto_202112211351_PHILIPSECA816E_1601_pip5T2ME_2SENSEp1o1.e02_labels.nii.gz,match,
27,202303151759_PHILIPSECA816E_901_pip5T2ME_3SENSEp1o1.e02_0000.nii.gz,202303151759_PHILIPSECA816E_901_pip5T2ME_3SENSEp1o1.e02_labels.nii.gz,match,
28,202301270933_PHILIPSECA816E_1601_pip5T2ME_2SENSEp1o1.e03_0000.nii.gz,202301270933_PHILIPSECA816E_1601_pip5T2ME_2SENSEp1o1.e02_labels.nii.gz,match,
29,201708010947_PHILIPSECA816E_1701_f2T2ME3SENSEp1o0.e04_0000.nii.gz,201708010947_PHILIPSECA816E_1701_f2T2ME3SENSEp1o0.e02_labels.nii.gz,match,
30,0020_CARP_202001140912_PHILIPSJ2LF9B9_401_PIH1T2ME_corSENSE.e05_0000.nii.gz,0020_CARP_202001140912_PHILIPSJ2LF9B9_401_PIH1T2ME_corSENSE.e02_labels.nii.gz,match,
31,0017_CARP_201912201203_PHILIPSJ2LF9B9_1901_PIH1T2ME_corSENSE.e02_0000.nii.gz,0017_CARP_201912201203_PHILIPSJ2LF9B9_1901_PIH1T2ME_corSENSE.e02_labels.nii.gz,match,
32,fm0304_fm_202408121603_AWP206040_6_mege_t2star_cor_wholeuterus_s006a4001_0000.nii.gz,fm0304_fm_202408121603_AWP206040_6_mege_t2star_cor_wholeuterus_seg_s006a2001_labels.nii.gz,match,
33,202301231502_PHILIPSECA816E_801_pip5T2ME_3SENSEp1o1.e01_0000.nii.gz,202301231502_PHILIPSECA816E_801_pip5T2ME_3SENSEp1o1.e02_labels.nii.gz,match,
34,fm0281_fm_202405221329_AWP206040_15_ep2d_fid_ME_cor_gp2_whole_s015a3001_0000.nii.gz,fm0281_fm_202405221329_AWP206040_15_ep2d_fid_ME_cor_gp2_w_seg_s015a2001_labels.nii.gz,match,
35,mibirth012801_mibirth_202411041405_AWP206040_10_mege_t2star_cor_wholeuterus_s010a2001_0000.nii.gz,mibirth012801_mibirth_202411041405_AWP206040_10_mege_t2star_cor_wholeuterus_seg_s010a2001_labels.nii.gz,match,
36,fm0311_fm_202410221246_AWP206040_14_mege_t2star_cor_wholeuterus_s014a1001_0000.nii.gz,fm0311_fm_202410221246_AWP206040_14_mege_t2star_cor_wholeuteru_seg_s014a2001_labels.nii.gz,match,
37,185_chip_202111261619_PHILIPSECA816E_2801_pip5T2ME_3SENSEp1o1.e02_0000.nii.gz,185_chip_202111261619_PHILIPSECA816E_2801_pip5T2ME_3SENSEp1o1.e02_labels.nii.gz,match,
38,mibirth003201_mibirth_202404081138_AWP206040_10_mege_t2star_cor_wholeuterus_s010a4001_0000.nii.gz,mibirth003201_mibirth_202404081138_AWP206040_10_mege_t2star_cor_wholeuterus_seg_s010a2001_labels.nii.gz,match,
39,202112140939_PHILIPSECA816E_2701_pip5T2ME_3SENSEp1o1.e04_0000.nii.gz,202112140939_PHILIPSECA816E_2701_pip5T2ME_3SENSEp1o1.e02_labels.nii.gz,match,
40,0015_CARP_201912051534_PHILIPSJ2LF9B9_1801_PIH1T2ME_corSENSE.e01_0000.nii.gz,0015_CARP_201912051534_PHILIPSJ2LF9B9_1801_PIH1T2ME_corSENSE.e02_labels.nii.gz,match,
41,202201261421_PHILIPSECA816E_2601_pip5T2ME_3SENSEp1o1.e03_0000.nii.gz,202201261421_PHILIPSECA816E_2601_pip5T2ME_3SENSEp1o1.e02_labels.nii.gz,match,
42,fm0314_fm_202411051557_AWP206040_5_ep2d_fid_ME_cor_gp2_wholeut_s005a3001_0000.nii.gz,fm0314_fm_202411051557_AWP206040_5_ep2d_fid_ME_cor_gp2_who_seg_s005a2001_labels.nii.gz,match,
43,202408200825_AWP206040_19_mege_t2star_cor_wholeuterus_s019a3001_0000.nii.gz,202408200825_AWP206040_19_mege_t2star_cor_wholeuterus_seg_s019a2001_labels.nii.gz,mismatch,
43,202406261332_AWP206040_5_mege_t2star_cor_wholeuterus_s005a4001_0000.nii.gz,202406261332_AWP206040_5_mege_t2star_cor_wholeuterus_seg_s005a2001_labels.nii.gz,mismatch,
43,202305031439_PHILIPSECA816E_901_pip5T2ME_3SENSEp1o1.e04_0000.nii.gz,202305031439_PHILIPSECA816E_901_pip5T2ME_3SENSEp1o1.e02_labels.nii.gz,match,
44,201712140931_PHILIPSECA816E_1101_f2T2ME_3SENSEp1o0.e05_0000.nii.gz,201712140931_PHILIPSECA816E_1101_f2T2ME_3SENSEp1o0.e02_labels.nii.gz,match,defected labels
45,mibirth014501_mibirth_202411251538_AWP206040_10_mege_t2star_cor_wholeuterus_s010a2001_0000.nii.gz,mibirth014501_mibirth_202411251538_AWP206040_10_mege_t2star_cor_wholeuterus_seg_s010a2001_labels.nii.gz,match,
46,51_PIP_201708251138_PHILIPSECA816E_1201_f2T2ME3SENSEp1o0.e04_0000.nii.gz,51_PIP_201708251138_PHILIPSECA816E_1201_f2T2ME3SENSEp1o0.e02_labels.nii.gz,match,
47,mibirth008101_mibirth_202408061040_AWP206040_31_mege_t2star_cor_wholeuterus_s031a2001_0000.nii.gz,mibirth008101_mibirth_202408061040_AWP206040_31_mege_t2star_cor_wholeuterus_seg_s031a2001_labels.nii.gz,match,
48,fm0317_fm_202411181552_AWP206040_7_mege_t2star_cor_wholeuterus_s007a4001_0000.nii.gz,fm0317_fm_202411181552_AWP206040_7_mege_t2star_cor_wholeuterus_seg_s007a2001_labels.nii.gz,match,
49,mibirth010801_mibirth_202409251439_AWP206040_114_mege_t2star_cor_wholeuterus_s114a4001_0000.nii.gz,mibirth010801_mibirth_202409251439_AWP206040_114_mege_t2star_cor_wholeuterus_seg_s114a2001_labels.nii.gz,match,
50,201712130925_PHILIPSECA816E_1701_f2T2ME_3SENSEp1o0.e05_0000.nii.gz,201712130925_PHILIPSECA816E_1701_f2T2ME_3SENSEp1o0.e02_labels.nii.gz,match,
51,201712140931_PHILIPSECA816E_1101_f2T2ME_3SENSEp1o0.e01_0000.nii.gz,201712140931_PHILIPSECA816E_1101_f2T2ME_3SENSEp1o0.e02_labels.nii.gz,match,defected labels
52,0011_CARP_201911190844_PHILIPSJ2LF9B9_1901_PIH1T2ME_corSENSE.e05_0000.nii.gz,0011_CARP_201911190844_PHILIPSJ2LF9B9_1901_PIH1T2ME_corSENSE.e02_labels.nii.gz,match,
53,201712140931_PHILIPSECA816E_1101_f2T2ME_3SENSEp1o0.e04_0000.nii.gz,201712140931_PHILIPSECA816E_1101_f2T2ME_3SENSEp1o0.e02_labels.nii.gz,match,
54,202301270933_PHILIPSECA816E_1601_pip5T2ME_2SENSEp1o1.e01_0000.nii.gz,202301270933_PHILIPSECA816E_1601_pip5T2ME_2SENSEp1o1.e02_labels.nii.gz,match,
55,202406261332_AWP206040_5_mege_t2star_cor_wholeuterus_s005a1001_0000.nii.gz,202406261332_AWP206040_5_mege_t2star_cor_wholeuterus_seg_s005a2001_labels.nii.gz,match,
56,0018_CARP_202001021156_PHILIPSJ2LF9B9_301_PIH1T2ME_corSENSE.e05_0000.nii.gz,0018_CARP_202001021156_PHILIPSJ2LF9B9_301_PIH1T2ME_corSENSE.e02_labels.nii.gz,match,
57,202204071248_PHILIPSECA816E_1501_pip5T2ME_2SENSEp1o1.e03_0000.nii.gz,202204071248_PHILIPSECA816E_1501_pip5T2ME_2SENSEp1o1.e02_labels.nii.gz,match,
58,202305031439_PHILIPSECA816E_901_pip5T2ME_3SENSEp1o1.e05_0000.nii.gz,202305031439_PHILIPSECA816E_901_pip5T2ME_3SENSEp1o1.e02_labels.nii.gz,match,
59,202306081517_PHILIPSECA816E_901_pip5T2ME_3SENSEp1o1.e04_0000.nii.gz,202306081517_PHILIPSECA816E_901_pip5T2ME_3SENSEp1o1.e02_labels.nii.gz,match,
60,202407160847_AWP206040_31_mege_t2star_cor_wholeuterus_s031a1001_0000.nii.gz,202407160847_AWP206040_31_mege_t2star_cor_wholeuterus_seg_s031a2001_labels.nii.gz,match,
61,202307141335_PHILIPSECA816E_801_pip5T2ME_3SENSEp1o1.e04_0000.nii.gz,202307141335_PHILIPSECA816E_801_pip5T2ME_3SENSEp1o1.e02_labels.nii.gz,match,
62,mibirth015501_mibirth_202412171407_AWP206040_10_mege_t2star_cor_wholeuterus_s010a2001_0000.nii.gz,mibirth015501_mibirth_202412171407_AWP206040_10_mege_t2star_cor_wholeuterus_seg_s010a2001_labels.nii.gz,match,
63,202302151023_PHILIPSECA816E_701_pip5T2ME_3SENSEp1o1.e05_0000.nii.gz,202302151023_PHILIPSECA816E_701_pip5T2ME_3SENSEp1o1.e02_labels.nii.gz,match,
64,0016_CARP_201912101009_PHILIPSJ2LF9B9_401_PIH1T2ME_corSENSE.e04_0000.nii.gz,0016_CARP_201912101009_PHILIPSJ2LF9B9_401_PIH1T2ME_corSENSE.e02_labels.nii.gz,match,
65,201708100957_PHILIPSECA816E_1501_f2T2ME3SENSEp1o0.e04_0000.nii.gz,201708100957_PHILIPSECA816E_1501_f2T2ME3SENSEp1o0.e02_labels.nii.gz,match,
66,202406031550_AWP206040_12_mege_t2star_cor_wholeuterus_s012a4001_0000.nii.gz,202406031550_AWP206040_12_mege_t2star_cor_wholeuterus_seg_s012a2001_labels.nii.gz,match,
67,201708230942_PHILIPSECA816E_1201_f2T2ME3SENSEp1o0.e05_0000.nii.gz,201708230942_PHILIPSECA816E_1201_f2T2ME3SENSEp1o0.e02_labels.nii.gz,match,
68,0016_CARP_201912101009_PHILIPSJ2LF9B9_401_PIH1T2ME_corSENSE.e01_0000.nii.gz,0016_CARP_201912101009_PHILIPSJ2LF9B9_401_PIH1T2ME_corSENSE.e02_labels.nii.gz,match,
69,00062_CARP_201912131157_PHILIPSJ2LF9B9_301_PIH1T2ME_corSENSE.e04_0000.nii.gz,00062_CARP_201912131157_PHILIPSJ2LF9B9_301_PIH1T2ME_corSENSE.e02_labels.nii.gz,match,
70,202208011455_PHILIPSECA816E_701_pip5T2ME_3SENSEp1o1.e02_0000.nii.gz,202208011455_PHILIPSECA816E_701_pip5T2ME_3SENSEp1o1.e02_labels.nii.gz,match,
71,201708010947_PHILIPSECA816E_1701_f2T2ME3SENSEp1o0.e02_0000.nii.gz,201708010947_PHILIPSECA816E_1701_f2T2ME3SENSEp1o0.e02_labels.nii.gz,match,
72,202407160847_AWP206040_31_mege_t2star_cor_wholeuterus_s031a4001_0000.nii.gz,202407160847_AWP206040_31_mege_t2star_cor_wholeuterus_seg_s031a2001_labels.nii.gz,match,
73,fm0275_fm_202404231127_AWP206040_6_ep2d_fid_ME_cor_gp2_wholeut_s006a2001_0000.nii.gz,fm0275_fm_202404231127_AWP206040_6_ep2d_fid_ME_cor_gp2_who_seg_s006a2001_labels.nii.gz,match,
74,202303151759_PHILIPSECA816E_901_pip5T2ME_3SENSEp1o1.e01_0000.nii.gz,202303151759_PHILIPSECA816E_901_pip5T2ME_3SENSEp1o1.e02_labels.nii.gz,match,
75,fm0289_fm_202406121655_AWP206040_6_ep2d_fid_ME_cor_gp2_wholeut_s006a4001_0000.nii.gz,fm0289_fm_202406121655_AWP206040_6_ep2d_fid_ME_cor_gp2_wholeuterus_seg_labels.nii.gz,match,
76,fm0281_fm_202405221329_AWP206040_15_ep2d_fid_ME_cor_gp2_whole_s015a4001_0000.nii.gz,fm0281_fm_202405221329_AWP206040_15_ep2d_fid_ME_cor_gp2_w_seg_s015a2001_labels.nii.gz,match,
77,202112140939_PHILIPSECA816E_2701_pip5T2ME_3SENSEp1o1.e01_0000.nii.gz,202112140939_PHILIPSECA816E_2701_pip5T2ME_3SENSEp1o1.e02_labels.nii.gz,match,
78,202407221327_AWP206040_29_mege_t2star_cor_wholeuterus_s029a1001_0000.nii.gz,202407221327_AWP206040_29_mege_t2star_cor_wholeuterus_seg_s029a2001_labels.nii.gz,match,
79,mibirth010801_mibirth_202409251439_AWP206040_114_mege_t2star_cor_wholeuterus_s114a2001_0000.nii.gz,mibirth010801_mibirth_202409251439_AWP206040_114_mege_t2star_cor_wholeuterus_seg_s114a2001_labels.nii.gz,match,
80,0014_CARP_201912030844_PHILIPSJ2LF9B9_401_PIH1T2ME_corSENSE.e03_0000.nii.gz,0014_CARP_201912030844_PHILIPSJ2LF9B9_401_PIH1T2ME_corSENSE.e02_labels.nii.gz,match,
81,202301231502_PHILIPSECA816E_801_pip5T2ME_3SENSEp1o1.e05_0000.nii.gz,202301231502_PHILIPSECA816E_801_pip5T2ME_3SENSEp1o1.e02_labels.nii.gz,match,
82,202304241145_PHILIPSECA816E_1901_pip5T2ME_2SENSEp1o1.e03_0000.nii.gz,202304241145_PHILIPSECA816E_1901_pip5T2ME_2SENSEp1o1.e02_labels.nii.gz,match,
83,fm0265_fm_202403051227_AWP206040_3_ep2d_fid_ME_cor_gp2_wholeute_s003a001_0000.nii.gz,fm0265_fm_202403051227_AWP206040_3_ep2d_fid_ME_cor_gp2_whol_seg_s003a001_labels.nii.gz,match,
84,201910100932_PHILIPSJ2LF9B9_1901_PIH1T2ME_corSENSE.e03_0000.nii.gz,201910100932_PHILIPSJ2LF9B9_1901_PIH1T2ME_corSENSE.e02_labels.nii.gz,match,
85,202305261151_PHILIPSECA816E_2301_pip5T2ME_2SENSEp1o1.e02_0000.nii.gz,202305261151_PHILIPSECA816E_2301_pip5T2ME_2SENSEp1o1.e02_labels.nii.gz,match,
86,mibirth007901_mibirth_202408050935_AWP206040_31_mege_t2star_cor_wholeuterus_s031a3001_0000.nii.gz,mibirth007901_mibirth_202408050935_AWP206040_31_mege_t2star_cor_wholeuterus_seg_s031a2001_labels.nii.gz,mismatch,
86,mibirth007901_mibirth_202408050935_AWP206040_31_mege_t2star_cor_wholeuterus_s031a4001_0000.nii.gz,mibirth007901_mibirth_202408050935_AWP206040_31_mege_t2star_cor_wholeuterus_seg_s031a2001_labels.nii.gz,match,
87,202302231117_PHILIPSECA816E_1601_pip5T2ME_2SENSEp1o1.e04_0000.nii.gz,202302231117_PHILIPSECA816E_1601_pip5T2ME_2SENSEp1o1.e02_labels.nii.gz,match,
88,201709251447_PHILIPSECA816E_2401_f2T2ME3SENSEp1o0.e03_0000.nii.gz,201709251447_PHILIPSECA816E_2401_f2T2ME3SENSEp1o0.e02_labels.nii.gz,match,
89,0011_CARP_201911190844_PHILIPSJ2LF9B9_1901_PIH1T2ME_corSENSE.e04_0000.nii.gz,0011_CARP_201911190844_PHILIPSJ2LF9B9_1901_PIH1T2ME_corSENSE.e02_labels.nii.gz,match,
90,201910100932_PHILIPSJ2LF9B9_1901_PIH1T2ME_corSENSE.e05_0000.nii.gz,201910100932_PHILIPSJ2LF9B9_1901_PIH1T2ME_corSENSE.e02_labels.nii.gz,match,
91,202303301624_PHILIPSECA816E_701_pip5T2ME_3SENSEp1o1.e05_0000.nii.gz,202303301624_PHILIPSECA816E_701_pip5T2ME_3SENSEp1o1.e02_labels.nii.gz,match,
92,201910031234_PHILIPSJ2LF9B9_401_PIH1T2ME_corSENSE.e02_0000.nii.gz,201910031234_PHILIPSJ2LF9B9_401_PIH1T2ME_corSENSE.e02_labels.nii.gz,match,
93,mibirth008901_mibirth_202408270849_AWP206040_24_mege_t2star_cor_wholeuterus_s024a4001_0000.nii.gz,mibirth008901_mibirth_202408270849_AWP206040_24_mege_t2star_cor_wholeuterus_seg_s024a2001_labels.nii.gz,match,
94,201709271146_PHILIPSECA816E_2001_f2T2ME3SENSEp1o0.e05_0000.nii.gz,201709271146_PHILIPSECA816E_2001_f2T2ME3SENSEp1o0.e02_labels.nii.gz,match,
95,11-56-24-gadgetron-fetal-brain-localisation-img_initial_0000.nii.gz,11-56-24-gadgetron-fetal-brain-localisation-img_initial_labels.nii.gz,match,
96,202303271330_PHILIPSECA816E_1601_pip5T2ME_2SENSEp1o1.e04_0000.nii.gz,202303271330_PHILIPSECA816E_1601_pip5T2ME_2SENSEp1o1.e02_labels.nii.gz,match,
97,mibirth012801_mibirth_202411041405_AWP206040_10_mege_t2star_cor_wholeuterus_s010a4001_0000.nii.gz,mibirth012801_mibirth_202411041405_AWP206040_10_mege_t2star_cor_wholeuterus_seg_s010a2001_labels.nii.gz,mismatch,
97,mibirth008101_mibirth_202408061040_AWP206040_31_mege_t2star_cor_wholeuterus_s031a1001_0000.nii.gz,mibirth008101_mibirth_202408061040_AWP206040_31_mege_t2star_cor_wholeuterus_seg_s031a2001_labels.nii.gz,match,
98,202306081517_PHILIPSECA816E_901_pip5T2ME_3SENSEp1o1.e03_0000.nii.gz,202306081517_PHILIPSECA816E_901_pip5T2ME_3SENSEp1o1.e02_labels.nii.gz,match,
99,00062_CARP_201912131157_PHILIPSJ2LF9B9_301_PIH1T2ME_corSENSE.e02_0000.nii.gz,00062_CARP_201912131157_PHILIPSJ2LF9B9_301_PIH1T2ME_corSENSE.e02_labels.nii.gz,match,
100,0014_CARP_201912030844_PHILIPSJ2LF9B9_401_PIH1T2ME_corSENSE.e05_0000.nii.gz,0014_CARP_201912030844_PHILIPSJ2LF9B9_401_PIH1T2ME_corSENSE.e02_labels.nii.gz,match,
101,201711161132_PHILIPSECA816E_1101_f2T2ME_3SENSEp1o0.e04_0000.nii.gz,201711161132_PHILIPSECA816E_1101_f2T2ME_3SENSEp1o0.e02_labels.nii.gz,match,
102,mibirth001001_mibirth_202401100956_AWP206040_8_mege_t2star_cor_wholeuterus_s008a001_0000.nii.gz,mibirth001001_mibirth_202401100956_AWP206040_8_mege_t2star_cor_wholeuterus_seg_s008a001_labels.nii.gz,match,
103,0017_CARP_201912201203_PHILIPSJ2LF9B9_1901_PIH1T2ME_corSENSE.e01_0000.nii.gz,0017_CARP_201912201203_PHILIPSJ2LF9B9_1901_PIH1T2ME_corSENSE.e02_labels.nii.gz,match,
104,mibirth0002_mibirth_202311221357_AWP206040_10_mege_t2star_cor_wholeuterus_s010a001_0000.nii.gz,mibirth0002_mibirth_202311221357_AWP206040_10_mege_t2star_cor_wholeuterus_seg_s010a001_labels.nii.gz,match,
105,fm0311_fm_202410221246_AWP206040_14_mege_t2star_cor_wholeuterus_s014a2001_0000.nii.gz,fm0311_fm_202410221246_AWP206040_14_mege_t2star_cor_wholeuteru_seg_s014a2001_labels.nii.gz,match,
106,fm0275_fm_202404231127_AWP206040_6_ep2d_fid_ME_cor_gp2_wholeut_s006a4001_0000.nii.gz,fm0275_fm_202404231127_AWP206040_6_ep2d_fid_ME_cor_gp2_who_seg_s006a2001_labels.nii.gz,match,
107,202301041558_PHILIPSECA816E_1701_pip5T2ME_2SENSEp1o1.e03_0000.nii.gz,202301041558_PHILIPSECA816E_1701_pip5T2ME_2SENSEp1o1.e02_labels.nii.gz,match,
108,202303271330_PHILIPSECA816E_1601_pip5T2ME_2SENSEp1o1.e05_0000.nii.gz,202303271330_PHILIPSECA816E_1601_pip5T2ME_2SENSEp1o1.e02_labels.nii.gz,match,
109,202301270933_PHILIPSECA816E_1601_pip5T2ME_2SENSEp1o1.e05_0000.nii.gz,202301270933_PHILIPSECA816E_1601_pip5T2ME_2SENSEp1o1.e02_labels.nii.gz,match,
110,fm0281_fm_202405221329_AWP206040_15_ep2d_fid_ME_cor_gp2_whole_s015a1001_0000.nii.gz,fm0281_fm_202405221329_AWP206040_15_ep2d_fid_ME_cor_gp2_w_seg_s015a2001_labels.nii.gz,match,
111,201709271146_PHILIPSECA816E_2001_f2T2ME3SENSEp1o0.e02_0000.nii.gz,201709271146_PHILIPSECA816E_2001_f2T2ME3SENSEp1o0.e02_labels.nii.gz,match,
112,201709271146_PHILIPSECA816E_2001_f2T2ME3SENSEp1o0.e03_0000.nii.gz,201709271146_PHILIPSECA816E_2001_f2T2ME3SENSEp1o0.e02_labels.nii.gz,match,
113,0017_CARP_201912201203_PHILIPSJ2LF9B9_1901_PIH1T2ME_corSENSE.e03_0000.nii.gz,0017_CARP_201912201203_PHILIPSJ2LF9B9_1901_PIH1T2ME_corSENSE.e02_labels.nii.gz,match,
114,201708010947_PHILIPSECA816E_1701_f2T2ME3SENSEp1o0.e05_0000.nii.gz,201708010947_PHILIPSECA816E_1701_f2T2ME3SENSEp1o0.e02_labels.nii.gz,match,
115,201707191343_PHILIPSECA816E_2401_f2T2ME3SENSEp1o0.e02_0000.nii.gz,201707191343_PHILIPSECA816E_2401_f2T2ME3SENSEp1o0.e02_labels.nii.gz,match,
116,202301041558_PHILIPSECA816E_1701_pip5T2ME_2SENSEp1o1.e02_0000.nii.gz,202301041558_PHILIPSECA816E_1701_pip5T2ME_2SENSEp1o1.e02_labels.nii.gz,match,
117,0014_CARP_201912030844_PHILIPSJ2LF9B9_401_PIH1T2ME_corSENSE.e04_0000.nii.gz,0014_CARP_201912030844_PHILIPSJ2LF9B9_401_PIH1T2ME_corSENSE.e02_labels.nii.gz,match,
118,mibirth005901_mibirth_202406241335_AWP206040_16_mege_t2star_cor_wholeuterus_s016a4001_0000.nii.gz,mibirth005901_mibirth_202406241335_AWP206040_16_mege_t2star_cor_wholeuterus_seg_s016a2001_labels.nii.gz,match,
119,51_PIP_201708251138_PHILIPSECA816E_1201_f2T2ME3SENSEp1o0.e03_0000.nii.gz,51_PIP_201708251138_PHILIPSECA816E_1201_f2T2ME3SENSEp1o0.e02_labels.nii.gz,match,
120,0016_CARP_201912101009_PHILIPSJ2LF9B9_401_PIH1T2ME_corSENSE.e05_0000.nii.gz,0016_CARP_201912101009_PHILIPSJ2LF9B9_401_PIH1T2ME_corSENSE.e02_labels.nii.gz,match,
121,201708100957_PHILIPSECA816E_1501_f2T2ME3SENSEp1o0.e05_0000.nii.gz,201708100957_PHILIPSECA816E_1501_f2T2ME3SENSEp1o0.e02_labels.nii.gz,match,
122,fm0272_fm_202404101557_AWP206040_6_ep2d_fid_ME_cor_gp2_wholeut_s006a4001_0000.nii.gz,fm0272_fm_202404101557_AWP206040_6_ep2d_fid_ME_cor_gp2_who_seg_s006a2001_labels.nii.gz,match,
123,fm0317_fm_202411181552_AWP206040_7_mege_t2star_cor_wholeuterus_s007a2001_0000.nii.gz,fm0317_fm_202411181552_AWP206040_7_mege_t2star_cor_wholeuterus_seg_s007a2001_labels.nii.gz,match,
124,0001_pronto_202112211351_PHILIPSECA816E_1601_pip5T2ME_2SENSEp1o1.e05_0000.nii.gz,0001_pronto_202112211351_PHILIPSECA816E_1601_pip5T2ME_2SENSEp1o1.e02_labels.nii.gz,match,
125,201708191118_PHILIPSECA816E_1301_f2T2ME3SENSEp1o0.e03_0000.nii.gz,201708191118_PHILIPSECA816E_1301_f2T2ME3SENSEp1o0.e02_labels.nii.gz,match,
126,202302231117_PHILIPSECA816E_1601_pip5T2ME_2SENSEp1o1.e01_0000.nii.gz,202302231117_PHILIPSECA816E_1601_pip5T2ME_2SENSEp1o1.e02_labels.nii.gz,match,
127,fm0317_fm_202411181552_AWP206040_7_mege_t2star_cor_wholeuterus_s007a1001_0000.nii.gz,fm0317_fm_202411181552_AWP206040_7_mege_t2star_cor_wholeuterus_seg_s007a2001_labels.nii.gz,match,
128,202305261151_PHILIPSECA816E_2301_pip5T2ME_2SENSEp1o1.e04_0000.nii.gz,202305261151_PHILIPSECA816E_2301_pip5T2ME_2SENSEp1o1.e02_labels.nii.gz,match,
129,0012_CARP_201911261054_PHILIPSJ2LF9B9_401_PIH1T2ME_corSENSE.e01_0000.nii.gz,0012_CARP_201911261054_PHILIPSJ2LF9B9_401_PIH1T2ME_corSENSE.e02_labels.nii.gz,match,
130,202410291014_AWP206040_12_mege_t2star_cor_wholeuterus_s012a4001_0000.nii.gz,202410291014_AWP206040_12_mege_t2star_cor_wholeuterus_seg_s012a2001_labels.nii.gz,mismatch,
130,fm0272_fm_202404101557_AWP206040_6_ep2d_fid_ME_cor_gp2_wholeut_s006a2001_0000.nii.gz,fm0272_fm_202404101557_AWP206040_6_ep2d_fid_ME_cor_gp2_who_seg_s006a2001_labels.nii.gz,match,
131,201708191118_PHILIPSECA816E_1301_f2T2ME3SENSEp1o0.e05_0000.nii.gz,201708191118_PHILIPSECA816E_1301_f2T2ME3SENSEp1o0.e02_labels.nii.gz,match,
132,201709271146_PHILIPSECA816E_2001_f2T2ME3SENSEp1o0.e01_0000.nii.gz,201709271146_PHILIPSECA816E_2001_f2T2ME3SENSEp1o0.e02_labels.nii.gz,match,
133,202201261421_PHILIPSECA816E_2601_pip5T2ME_3SENSEp1o1.e05_0000.nii.gz,202201261421_PHILIPSECA816E_2601_pip5T2ME_3SENSEp1o1.e02_labels.nii.gz,match,
134,202303301624_PHILIPSECA816E_701_pip5T2ME_3SENSEp1o1.e04_0000.nii.gz,202303301624_PHILIPSECA816E_701_pip5T2ME_3SENSEp1o1.e02_labels.nii.gz,match,
135,202211161623_PHILIPSECA816E_701_pip5T2ME_3SENSEp1o1.e05_0000.nii.gz,202211161623_PHILIPSECA816E_701_pip5T2ME_3SENSEp1o1.e02_labels.nii.gz,match,
136,202210141244_PHILIPSECA816E_701_pip5T2ME_3SENSEp1o1.e02_0000.nii.gz,202210141244_PHILIPSECA816E_701_pip5T2ME_3SENSEp1o1.e02_labels.nii.gz,match,
137,0019_CARP_202002111153_PHILIPSJ2LF9B9_2001_PIH1T2ME_corSENSE.e03_0000.nii.gz,0019_CARP_202002111153_PHILIPSJ2LF9B9_2001_PIH1T2ME_corSENSE.e02_labels.nii.gz,match,
138,mibirth006901_mibirth_202407151535_AWP206040_93_mege_t2star_cor_wholeuterus_s093a3001_0000.nii.gz,mibirth006901_mibirth_202407151535_AWP206040_93_mege_t2star_cor_wholeuterus_seg_s093a2001_labels.nii.gz,mismatch,
138,202209020924_PHILIPSECA816E_3701_pip5T2ME_2SENSEp1o1.e05_0000.nii.gz,202209020924_PHILIPSECA816E_3701_pip5T2ME_2SENSEp1o1.e02_labels.nii.gz,match,
139,0016_CARP_201912101009_PHILIPSJ2LF9B9_401_PIH1T2ME_corSENSE.e03_0000.nii.gz,0016_CARP_201912101009_PHILIPSJ2LF9B9_401_PIH1T2ME_corSENSE.e02_labels.nii.gz,match,
140,201708230942_PHILIPSECA816E_1201_f2T2ME3SENSEp1o0.e04_0000.nii.gz,201708230942_PHILIPSECA816E_1201_f2T2ME3SENSEp1o0.e02_labels.nii.gz,match,
141,202305171709_PHILIPSECA816E_801_pip5T2ME_3SENSEp1o1.e05_0000.nii.gz,202305171709_PHILIPSECA816E_801_pip5T2ME_3SENSEp1o1.e02_labels.nii.gz,match,
142,201708230942_PHILIPSECA816E_1201_f2T2ME3SENSEp1o0.e03_0000.nii.gz,201708230942_PHILIPSECA816E_1201_f2T2ME3SENSEp1o0.e02_labels.nii.gz,match,
143,202305261151_PHILIPSECA816E_2301_pip5T2ME_2SENSEp1o1.e03_0000.nii.gz,202305261151_PHILIPSECA816E_2301_pip5T2ME_2SENSEp1o1.e02_labels.nii.gz,match,
144,202204071248_PHILIPSECA816E_1501_pip5T2ME_2SENSEp1o1.e02_0000.nii.gz,202204071248_PHILIPSECA816E_1501_pip5T2ME_2SENSEp1o1.e02_labels.nii.gz,match,
145,201709251447_PHILIPSECA816E_2401_f2T2ME3SENSEp1o0.e04_0000.nii.gz,201709251447_PHILIPSECA816E_2401_f2T2ME3SENSEp1o0.e02_labels.nii.gz,match,
146,mibirth014501_mibirth_202411251538_AWP206040_10_mege_t2star_cor_wholeuterus_s010a4001_0000.nii.gz,mibirth014501_mibirth_202411251538_AWP206040_10_mege_t2star_cor_wholeuterus_seg_s010a2001_labels.nii.gz,mismatch,
146,201707191343_PHILIPSECA816E_2401_f2T2ME3SENSEp1o0.e01_0000.nii.gz,201707191343_PHILIPSECA816E_2401_f2T2ME3SENSEp1o0.e02_labels.nii.gz,match,
147,0013_CARP_201912051243_PHILIPSJ2LF9B9_2501_PIH1T2ME_corSENSE.e01_0000.nii.gz,0013_CARP_201912051243_PHILIPSJ2LF9B9_2501_PIH1T2ME_corSENSE.e02_labels.nii.gz,match,
148,202305031439_PHILIPSECA816E_901_pip5T2ME_3SENSEp1o1.e02_0000.nii.gz,202305031439_PHILIPSECA816E_901_pip5T2ME_3SENSEp1o1.e02_labels.nii.gz,match,
149,202109281345_PHILIPSECA816E_2501_pip5T2ME_3SENSEp1o1.e01_0000.nii.gz,202109281345_PHILIPSECA816E_2501_pip5T2ME_3SENSEp1o1.e02_labels.nii.gz,match,wrong label and no nose
150,202301041558_PHILIPSECA816E_1701_pip5T2ME_2SENSEp1o1.e04_0000.nii.gz,202301041558_PHILIPSECA816E_1701_pip5T2ME_2SENSEp1o1.e02_labels.nii.gz,match,
151,202306081517_PHILIPSECA816E_901_pip5T2ME_3SENSEp1o1.e05_0000.nii.gz,202306081517_PHILIPSECA816E_901_pip5T2ME_3SENSEp1o1.e02_labels.nii.gz,match,
152,202305171709_PHILIPSECA816E_801_pip5T2ME_3SENSEp1o1.e03_0000.nii.gz,202305171709_PHILIPSECA816E_801_pip5T2ME_3SENSEp1o1.e02_labels.nii.gz,match,
153,14-54-09-gadgetron-fetal-brain-localisation-img_initial_0000.nii.gz,14-54-09-gadgetron-fetal-brain-localisation-img_initial_labels.nii.gz,match,
154,201709251447_PHILIPSECA816E_2401_f2T2ME3SENSEp1o0.e02_0000.nii.gz,201709251447_PHILIPSECA816E_2401_f2T2ME3SENSEp1o0.e02_labels.nii.gz,match,
155,13-53-37-gadgetron-fetal-brain-localisation-img_initial_0000.nii.gz,13-53-37-gadgetron-fetal-brain-localisation-img_initial_labels.nii.gz,match,
156,0018_CARP_202001021156_PHILIPSJ2LF9B9_301_PIH1T2ME_corSENSE.e03_0000.nii.gz,0018_CARP_202001021156_PHILIPSJ2LF9B9_301_PIH1T2ME_corSENSE.e02_labels.nii.gz,match,
157,0013_CARP_201912051243_PHILIPSJ2LF9B9_2501_PIH1T2ME_corSENSE.e05_0000.nii.gz,0013_CARP_201912051243_PHILIPSJ2LF9B9_2501_PIH1T2ME_corSENSE.e02_labels.nii.gz,match,
158,202305171709_PHILIPSECA816E_801_pip5T2ME_3SENSEp1o1.e01_0000.nii.gz,202305171709_PHILIPSECA816E_801_pip5T2ME_3SENSEp1o1.e02_labels.nii.gz,match,
159,202407160847_AWP206040_31_mege_t2star_cor_wholeuterus_s031a3001_0000.nii.gz,202407160847_AWP206040_31_mege_t2star_cor_wholeuterus_seg_s031a2001_labels.nii.gz,mismatch,
159,0020_CARP_202001140912_PHILIPSJ2LF9B9_401_PIH1T2ME_corSENSE.e04_0000.nii.gz,0020_CARP_202001140912_PHILIPSJ2LF9B9_401_PIH1T2ME_corSENSE.e02_labels.nii.gz,match,
160,185_chip_202111261619_PHILIPSECA816E_2801_pip5T2ME_3SENSEp1o1.e04_0000.nii.gz,185_chip_202111261619_PHILIPSECA816E_2801_pip5T2ME_3SENSEp1o1.e02_labels.nii.gz,match,
161,201712130925_PHILIPSECA816E_1701_f2T2ME_3SENSEp1o0.e01_0000.nii.gz,201712130925_PHILIPSECA816E_1701_f2T2ME_3SENSEp1o0.e02_labels.nii.gz,match,
162,mibirth010801_mibirth_202409251439_AWP206040_114_mege_t2star_cor_wholeuterus_s114a3001_0000.nii.gz,mibirth010801_mibirth_202409251439_AWP206040_114_mege_t2star_cor_wholeuterus_seg_s114a2001_labels.nii.gz,match,
163,201708010947_PHILIPSECA816E_1701_f2T2ME3SENSEp1o0.e01_0000.nii.gz,201708010947_PHILIPSECA816E_1701_f2T2ME3SENSEp1o0.e02_labels.nii.gz,match,
164,202302231117_PHILIPSECA816E_1601_pip5T2ME_2SENSEp1o1.e03_0000.nii.gz,202302231117_PHILIPSECA816E_1601_pip5T2ME_2SENSEp1o1.e02_labels.nii.gz,match,
165,202209020924_PHILIPSECA816E_3701_pip5T2ME_2SENSEp1o1.e03_0000.nii.gz,202209020924_PHILIPSECA816E_3701_pip5T2ME_2SENSEp1o1.e02_labels.nii.gz,match,
166,202301041558_PHILIPSECA816E_1701_pip5T2ME_2SENSEp1o1.e05_0000.nii.gz,202301041558_PHILIPSECA816E_1701_pip5T2ME_2SENSEp1o1.e02_labels.nii.gz,match,
167,202210141244_PHILIPSECA816E_701_pip5T2ME_3SENSEp1o1.e05_0000.nii.gz,202210141244_PHILIPSECA816E_701_pip5T2ME_3SENSEp1o1.e02_labels.nii.gz,match,
168,12-54-03-gadgetron-fetal-brain-localisation-img_initial_0000.nii.gz,12-54-03-gadgetron-fetal-brain-localisation-img_initial_labels.nii.gz,match,
169,201711161132_PHILIPSECA816E_1101_f2T2ME_3SENSEp1o0.e05_0000.nii.gz,201711161132_PHILIPSECA816E_1101_f2T2ME_3SENSEp1o0.e02_labels.nii.gz,match,
170,202307141335_PHILIPSECA816E_801_pip5T2ME_3SENSEp1o1.e05_0000.nii.gz,202307141335_PHILIPSECA816E_801_pip5T2ME_3SENSEp1o1.e02_labels.nii.gz,match,
171,202406031550_AWP206040_12_mege_t2star_cor_wholeuterus_s012a1001_0000.nii.gz,202406031550_AWP206040_12_mege_t2star_cor_wholeuterus_seg_s012a2001_labels.nii.gz,match,
172,fm0311_fm_202410221246_AWP206040_14_mege_t2star_cor_wholeuterus_s014a3001_0000.nii.gz,fm0311_fm_202410221246_AWP206040_14_mege_t2star_cor_wholeuteru_seg_s014a2001_labels.nii.gz,match,
173,mibirth008101_mibirth_202408061040_AWP206040_31_mege_t2star_cor_wholeuterus_s031a3001_0000.nii.gz,mibirth008101_mibirth_202408061040_AWP206040_31_mege_t2star_cor_wholeuterus_seg_s031a2001_labels.nii.gz,mismatch,
173,202306081517_PHILIPSECA816E_901_pip5T2ME_3SENSEp1o1.e02_0000.nii.gz,202306081517_PHILIPSECA816E_901_pip5T2ME_3SENSEp1o1.e02_labels.nii.gz,match,
174,202408200825_AWP206040_19_mege_t2star_cor_wholeuterus_s019a4001_0000.nii.gz,202408200825_AWP206040_19_mege_t2star_cor_wholeuterus_seg_s019a2001_labels.nii.gz,match,
175,202305171709_PHILIPSECA816E_801_pip5T2ME_3SENSEp1o1.e02_0000.nii.gz,202305171709_PHILIPSECA816E_801_pip5T2ME_3SENSEp1o1.e02_labels.nii.gz,match,
176,0011_CARP_201911190844_PHILIPSJ2LF9B9_1901_PIH1T2ME_corSENSE.e01_0000.nii.gz,0011_CARP_201911190844_PHILIPSJ2LF9B9_1901_PIH1T2ME_corSENSE.e02_labels.nii.gz,match,
177,fm0263_fm_202402291135_AWP206040_3_ep2d_fid_ME_cor_gp2_wholeute_s003a001_0000.nii.gz,fm0263_fm_202402291135_AWP206040_3_ep2d_fid_ME_cor_gp2_whol_seg_s003a001_labels.nii.gz,match,
178,202302231117_PHILIPSECA816E_1601_pip5T2ME_2SENSEp1o1.e02_0000.nii.gz,202302231117_PHILIPSECA816E_1601_pip5T2ME_2SENSEp1o1.e02_labels.nii.gz,match,
179,51_PIP_201708251138_PHILIPSECA816E_1201_f2T2ME3SENSEp1o0.e01_0000.nii.gz,51_PIP_201708251138_PHILIPSECA816E_1201_f2T2ME3SENSEp1o0.e02_labels.nii.gz,match,
180,202209020924_PHILIPSECA816E_3701_pip5T2ME_2SENSEp1o1.e04_0000.nii.gz,202209020924_PHILIPSECA816E_3701_pip5T2ME_2SENSEp1o1.e02_labels.nii.gz,match,
181,0021_CARP_202002111444_PHILIPSJ2LF9B9_1901_PIH1T2ME_corSENSE.e01_0000.nii.gz,0021_CARP_202002111444_PHILIPSJ2LF9B9_1901_PIH1T2ME_corSENSE.e02_labels.nii.gz,match,
182,14-30-54-gadgetron-fetal-brain-localisation-img_initial_0000.nii.gz,14-30-54-gadgetron-fetal-brain-localisation-img_initial_labels.nii.gz,match,
183,mibirth008101_mibirth_202408061040_AWP206040_31_mege_t2star_cor_wholeuterus_s031a4001_0000.nii.gz,mibirth008101_mibirth_202408061040_AWP206040_31_mege_t2star_cor_wholeuterus_seg_s031a2001_labels.nii.gz,match,
184,201910011114_PHILIPSJ2LF9B9_2101_PIH1T2ME_corSENSE.e01_0000.nii.gz,201910011114_PHILIPSJ2LF9B9_2101_PIH1T2ME_corSENSE.e02_labels.nii.gz,match,
185,201709271146_PHILIPSECA816E_2001_f2T2ME3SENSEp1o0.e04_0000.nii.gz,201709271146_PHILIPSECA816E_2001_f2T2ME3SENSEp1o0.e02_labels.nii.gz,match,
186,fm0292_fm_202406241147_AWP206040_6_ep2d_fid_ME_cor_gp2_wholeut_s006a4001_0000.nii.gz,fm0292_fm_202406241147_AWP206040_6_ep2d_fid_ME_cor_gp2_who_seg_s006a2001_labels.nii.gz,match,
187,202302151023_PHILIPSECA816E_701_pip5T2ME_3SENSEp1o1.e04_0000.nii.gz,202302151023_PHILIPSECA816E_701_pip5T2ME_3SENSEp1o1.e02_labels.nii.gz,match,
188,mibirth005901_mibirth_202406241335_AWP206040_16_mege_t2star_cor_wholeuterus_s016a3001_0000.nii.gz,mibirth005901_mibirth_202406241335_AWP206040_16_mege_t2star_cor_wholeuterus_seg_s016a2001_labels.nii.gz,match,
189,201708230942_PHILIPSECA816E_1201_f2T2ME3SENSEp1o0.e02_0000.nii.gz,201708230942_PHILIPSECA816E_1201_f2T2ME3SENSEp1o0.e02_labels.nii.gz,match,
190,202305031439_PHILIPSECA816E_901_pip5T2ME_3SENSEp1o1.e03_0000.nii.gz,202305031439_PHILIPSECA816E_901_pip5T2ME_3SENSEp1o1.e02_labels.nii.gz,match,
191,mibirth007901_mibirth_202408050935_AWP206040_31_mege_t2star_cor_wholeuterus_s031a2001_0000.nii.gz,mibirth007901_mibirth_202408050935_AWP206040_31_mege_t2star_cor_wholeuterus_seg_s031a2001_labels.nii.gz,match,
192,0021_CARP_202002111444_PHILIPSJ2LF9B9_1901_PIH1T2ME_corSENSE.e05_0000.nii.gz,0021_CARP_202002111444_PHILIPSJ2LF9B9_1901_PIH1T2ME_corSENSE.e02_labels.nii.gz,match,
193,fm0314_fm_202411051557_AWP206040_5_ep2d_fid_ME_cor_gp2_wholeut_s005a1001_0000.nii.gz,fm0314_fm_202411051557_AWP206040_5_ep2d_fid_ME_cor_gp2_who_seg_s005a2001_labels.nii.gz,match,
194,202204071248_PHILIPSECA816E_1501_pip5T2ME_2SENSEp1o1.e01_0000.nii.gz,202204071248_PHILIPSECA816E_1501_pip5T2ME_2SENSEp1o1.e02_labels.nii.gz,match,
195,mibirth012801_mibirth_202411041405_AWP206040_10_mege_t2star_cor_wholeuterus_s010a1001_0000.nii.gz,mibirth012801_mibirth_202411041405_AWP206040_10_mege_t2star_cor_wholeuterus_seg_s010a2001_labels.nii.gz,match,
196,202112140939_PHILIPSECA816E_2701_pip5T2ME_3SENSEp1o1.e02_0000.nii.gz,202112140939_PHILIPSECA816E_2701_pip5T2ME_3SENSEp1o1.e02_labels.nii.gz,match,
197,202302151023_PHILIPSECA816E_701_pip5T2ME_3SENSEp1o1.e03_0000.nii.gz,202302151023_PHILIPSECA816E_701_pip5T2ME_3SENSEp1o1.e02_labels.nii.gz,match,
198,202211161623_PHILIPSECA816E_701_pip5T2ME_3SENSEp1o1.e04_0000.nii.gz,202211161623_PHILIPSECA816E_701_pip5T2ME_3SENSEp1o1.e02_labels.nii.gz,match,
199,0012_CARP_201911261054_PHILIPSJ2LF9B9_401_PIH1T2ME_corSENSE.e04_0000.nii.gz,0012_CARP_201911261054_PHILIPSJ2LF9B9_401_PIH1T2ME_corSENSE.e02_labels.nii.gz,match,
200,202408200825_AWP206040_19_mege_t2star_cor_wholeuterus_s019a1001_0000.nii.gz,202408200825_AWP206040_19_mege_t2star_cor_wholeuterus_seg_s019a2001_labels.nii.gz,match,Extra nose label
201,201708161150_PHILIPSECA816E_1101_f2T2ME3SENSEp1o0.e01_0000.nii.gz,201708161150_PHILIPSECA816E_1101_f2T2ME3SENSEp1o0.e02_labels.nii.gz,match,
202,fm0295_fm_202407020935_AWP206040_4_mege_t2star_cor_wholeuterus_s004a1001_0000.nii.gz,fm0295_fm_202407020935_AWP206040_4_mege_t2star_cor_wholeuterus_seg_s004a2001_labels.nii.gz,match,
203,0012_CARP_201911261054_PHILIPSJ2LF9B9_401_PIH1T2ME_corSENSE.e05_0000.nii.gz,0012_CARP_201911261054_PHILIPSJ2LF9B9_401_PIH1T2ME_corSENSE.e02_labels.nii.gz,match,
204,fm0272_fm_202404101557_AWP206040_6_ep2d_fid_ME_cor_gp2_wholeut_s006a1001_0000.nii.gz,fm0272_fm_202404101557_AWP206040_6_ep2d_fid_ME_cor_gp2_who_seg_s006a2001_labels.nii.gz,match,
205,0015_CARP_201912051534_PHILIPSJ2LF9B9_1801_PIH1T2ME_corSENSE.e04_0000.nii.gz,0015_CARP_201912051534_PHILIPSJ2LF9B9_1801_PIH1T2ME_corSENSE.e02_labels.nii.gz,match,
206,202302151023_PHILIPSECA816E_701_pip5T2ME_3SENSEp1o1.e01_0000.nii.gz,202302151023_PHILIPSECA816E_701_pip5T2ME_3SENSEp1o1.e02_labels.nii.gz,match,
207,202204071248_PHILIPSECA816E_1501_pip5T2ME_2SENSEp1o1.e04_0000.nii.gz,202204071248_PHILIPSECA816E_1501_pip5T2ME_2SENSEp1o1.e02_labels.nii.gz,match,
208,185_chip_202111261619_PHILIPSECA816E_2801_pip5T2ME_3SENSEp1o1.e01_0000.nii.gz,185_chip_202111261619_PHILIPSECA816E_2801_pip5T2ME_3SENSEp1o1.e02_labels.nii.gz,match,
209,202303271330_PHILIPSECA816E_1601_pip5T2ME_2SENSEp1o1.e01_0000.nii.gz,202303271330_PHILIPSECA816E_1601_pip5T2ME_2SENSEp1o1.e02_labels.nii.gz,match,
210,10-04-52-gadgetron-fetal-brain-localisation-img_initial_0000.nii.gz,10-04-52-gadgetron-fetal-brain-localisation-img_initial_labels.nii.gz,match,
211,201708100957_PHILIPSECA816E_1501_f2T2ME3SENSEp1o0.e01_0000.nii.gz,201708100957_PHILIPSECA816E_1501_f2T2ME3SENSEp1o0.e02_labels.nii.gz,match,
212,201910011114_PHILIPSJ2LF9B9_2101_PIH1T2ME_corSENSE.e05_0000.nii.gz,201910011114_PHILIPSJ2LF9B9_2101_PIH1T2ME_corSENSE.e02_labels.nii.gz,match,
213,fm0292_fm_202406241147_AWP206040_6_ep2d_fid_ME_cor_gp2_wholeut_s006a1001_0000.nii.gz,fm0292_fm_202406241147_AWP206040_6_ep2d_fid_ME_cor_gp2_who_seg_s006a2001_labels.nii.gz,match,
214,mibirth005901_mibirth_202406241335_AWP206040_16_mege_t2star_cor_wholeuterus_s016a1001_0000.nii.gz,mibirth005901_mibirth_202406241335_AWP206040_16_mege_t2star_cor_wholeuterus_seg_s016a2001_labels.nii.gz,match,
215,201910100932_PHILIPSJ2LF9B9_1901_PIH1T2ME_corSENSE.e04_0000.nii.gz,201910100932_PHILIPSJ2LF9B9_1901_PIH1T2ME_corSENSE.e02_labels.nii.gz,match,
216,10-25-51-gadgetron-fetal-brain-localisation-img_initial_0000.nii.gz,10-25-51-gadgetron-fetal-brain-localisation-img_initial_labels.nii.gz,match,
217,202201261421_PHILIPSECA816E_2601_pip5T2ME_3SENSEp1o1.e04_0000.nii.gz,202201261421_PHILIPSECA816E_2601_pip5T2ME_3SENSEp1o1.e02_labels.nii.gz,match,
218,mibirth004801_mibirth_202405221605_AWP206040_14_mege_t2star_cor_wholeuterus_s014a4001_0000.nii.gz,mibirth004801_mibirth_202405221605_AWP206040_14_mege_t2star_cor_wholeuterus_seg_s014a2001_labels.nii.gz,match,
219,202308291218_PHILIPSECA816E_901_pip5T2ME_3SENSEp1o1.e04_0000.nii.gz,202308291218_PHILIPSECA816E_901_pip5T2ME_3SENSEp1o1.e02_labels.nii.gz,match,
220,202301231502_PHILIPSECA816E_801_pip5T2ME_3SENSEp1o1.e04_0000.nii.gz,202301231502_PHILIPSECA816E_801_pip5T2ME_3SENSEp1o1.e02_labels.nii.gz,match,
221,fm0292_fm_202406241147_AWP206040_6_ep2d_fid_ME_cor_gp2_wholeut_s006a3001_0000.nii.gz,fm0292_fm_202406241147_AWP206040_6_ep2d_fid_ME_cor_gp2_who_seg_s006a2001_labels.nii.gz,match,
222,202308291218_PHILIPSECA816E_901_pip5T2ME_3SENSEp1o1.e05_0000.nii.gz,202308291218_PHILIPSECA816E_901_pip5T2ME_3SENSEp1o1.e02_labels.nii.gz,match,
223,201708161150_PHILIPSECA816E_1101_f2T2ME3SENSEp1o0.e04_0000.nii.gz,201708161150_PHILIPSECA816E_1101_f2T2ME3SENSEp1o0.e02_labels.nii.gz,match,
224,0021_CARP_202002111444_PHILIPSJ2LF9B9_1901_PIH1T2ME_corSENSE.e04_0000.nii.gz,0021_CARP_202002111444_PHILIPSJ2LF9B9_1901_PIH1T2ME_corSENSE.e02_labels.nii.gz,match,
225,201712140931_PHILIPSECA816E_1101_f2T2ME_3SENSEp1o0.e02_0000.nii.gz,201712140931_PHILIPSECA816E_1101_f2T2ME_3SENSEp1o0.e02_labels.nii.gz,match,defected labels
226,202410291014_AWP206040_12_mege_t2star_cor_wholeuterus_s012a3001_0000.nii.gz,202410291014_AWP206040_12_mege_t2star_cor_wholeuterus_seg_s012a2001_labels.nii.gz,match,
227,201711161132_PHILIPSECA816E_1101_f2T2ME_3SENSEp1o0.e02_0000.nii.gz,201711161132_PHILIPSECA816E_1101_f2T2ME_3SENSEp1o0.e02_labels.nii.gz,match,
228,mibirth014501_mibirth_202411251538_AWP206040_10_mege_t2star_cor_wholeuterus_s010a3001_0000.nii.gz,mibirth014501_mibirth_202411251538_AWP206040_10_mege_t2star_cor_wholeuterus_seg_s010a2001_labels.nii.gz,match,
229,201708161150_PHILIPSECA816E_1101_f2T2ME3SENSEp1o0.e05_0000.nii.gz,201708161150_PHILIPSECA816E_1101_f2T2ME3SENSEp1o0.e02_labels.nii.gz,match,
230,mibirth015501_mibirth_202412171407_AWP206040_10_mege_t2star_cor_wholeuterus_s010a3001_0000.nii.gz,mibirth015501_mibirth_202412171407_AWP206040_10_mege_t2star_cor_wholeuterus_seg_s010a2001_labels.nii.gz,match,
231,202301270933_PHILIPSECA816E_1601_pip5T2ME_2SENSEp1o1.e04_0000.nii.gz,202301270933_PHILIPSECA816E_1601_pip5T2ME_2SENSEp1o1.e02_labels.nii.gz,match,
232,202210141244_PHILIPSECA816E_701_pip5T2ME_3SENSEp1o1.e03_0000.nii.gz,202210141244_PHILIPSECA816E_701_pip5T2ME_3SENSEp1o1.e02_labels.nii.gz,match,
233,202307141335_PHILIPSECA816E_801_pip5T2ME_3SENSEp1o1.e01_0000.nii.gz,202307141335_PHILIPSECA816E_801_pip5T2ME_3SENSEp1o1.e02_labels.nii.gz,match,
234,mibirth015501_mibirth_202412171407_AWP206040_10_mege_t2star_cor_wholeuterus_s010a4001_0000.nii.gz,mibirth015501_mibirth_202412171407_AWP206040_10_mege_t2star_cor_wholeuterus_seg_s010a2001_labels.nii.gz,match,
235,0015_CARP_201912051534_PHILIPSJ2LF9B9_1801_PIH1T2ME_corSENSE.e05_0000.nii.gz,0015_CARP_201912051534_PHILIPSJ2LF9B9_1801_PIH1T2ME_corSENSE.e02_labels.nii.gz,match,
236,202209020924_PHILIPSECA816E_3701_pip5T2ME_2SENSEp1o1.e02_0000.nii.gz,202209020924_PHILIPSECA816E_3701_pip5T2ME_2SENSEp1o1.e02_labels.nii.gz,match,
237,fm0289_fm_202406121655_AWP206040_6_ep2d_fid_ME_cor_gp2_wholeut_s006a3001_0000.nii.gz,fm0289_fm_202406121655_AWP206040_6_ep2d_fid_ME_cor_gp2_wholeuterus_seg_labels.nii.gz,match,
238,202410291014_AWP206040_12_mege_t2star_cor_wholeuterus_s012a1001_0000.nii.gz,202410291014_AWP206040_12_mege_t2star_cor_wholeuterus_seg_s012a2001_labels.nii.gz,match,
239,0019_CARP_202002111153_PHILIPSJ2LF9B9_2001_PIH1T2ME_corSENSE.e05_0000.nii.gz,0019_CARP_202002111153_PHILIPSJ2LF9B9_2001_PIH1T2ME_corSENSE.e02_labels.nii.gz,match,
240,202302151023_PHILIPSECA816E_701_pip5T2ME_3SENSEp1o1.e02_0000.nii.gz,202302151023_PHILIPSECA816E_701_pip5T2ME_3SENSEp1o1.e02_labels.nii.gz,match,
241,0018_CARP_202001021156_PHILIPSJ2LF9B9_301_PIH1T2ME_corSENSE.e02_0000.nii.gz,0018_CARP_202001021156_PHILIPSJ2LF9B9_301_PIH1T2ME_corSENSE.e02_labels.nii.gz,match,
242,0018_CARP_202001021156_PHILIPSJ2LF9B9_301_PIH1T2ME_corSENSE.e01_0000.nii.gz,0018_CARP_202001021156_PHILIPSJ2LF9B9_301_PIH1T2ME_corSENSE.e02_labels.nii.gz,match,
243,0015_CARP_201912051534_PHILIPSJ2LF9B9_1801_PIH1T2ME_corSENSE.e02_0000.nii.gz,0015_CARP_201912051534_PHILIPSJ2LF9B9_1801_PIH1T2ME_corSENSE.e02_labels.nii.gz,match,
244,202305261151_PHILIPSECA816E_2301_pip5T2ME_2SENSEp1o1.e05_0000.nii.gz,202305261151_PHILIPSECA816E_2301_pip5T2ME_2SENSEp1o1.e02_labels.nii.gz,match,
245,fm0275_fm_202404231127_AWP206040_6_ep2d_fid_ME_cor_gp2_wholeut_s006a1001_0000.nii.gz,fm0275_fm_202404231127_AWP206040_6_ep2d_fid_ME_cor_gp2_who_seg_s006a2001_labels.nii.gz,match,
246,202304241145_PHILIPSECA816E_1901_pip5T2ME_2SENSEp1o1.e02_0000.nii.gz,202304241145_PHILIPSECA816E_1901_pip5T2ME_2SENSEp1o1.e02_labels.nii.gz,match,
247,mibirth008901_mibirth_202408270849_AWP206040_24_mege_t2star_cor_wholeuterus_s024a3001_0000.nii.gz,mibirth008901_mibirth_202408270849_AWP206040_24_mege_t2star_cor_wholeuterus_seg_s024a2001_labels.nii.gz,mismatch,
247,202305261151_PHILIPSECA816E_2301_pip5T2ME_2SENSEp1o1.e01_0000.nii.gz,202305261151_PHILIPSECA816E_2301_pip5T2ME_2SENSEp1o1.e02_labels.nii.gz,match,
248,202410291014_AWP206040_12_mege_t2star_cor_wholeuterus_s012a2001_0000.nii.gz,202410291014_AWP206040_12_mege_t2star_cor_wholeuterus_seg_s012a2001_labels.nii.gz,match,
249,202303301624_PHILIPSECA816E_701_pip5T2ME_3SENSEp1o1.e03_0000.nii.gz,202303301624_PHILIPSECA816E_701_pip5T2ME_3SENSEp1o1.e02_labels.nii.gz,match,
250,0013_CARP_201912051243_PHILIPSJ2LF9B9_2501_PIH1T2ME_corSENSE.e04_0000.nii.gz,0013_CARP_201912051243_PHILIPSJ2LF9B9_2501_PIH1T2ME_corSENSE.e02_labels.nii.gz,match,
251,mibirth005901_mibirth_202406241335_AWP206040_16_mege_t2star_cor_wholeuterus_s016a2001_0000.nii.gz,mibirth005901_mibirth_202406241335_AWP206040_16_mege_t2star_cor_wholeuterus_seg_s016a2001_labels.nii.gz,match,
252,fm0304_fm_202408121603_AWP206040_6_mege_t2star_cor_wholeuterus_s006a1001_0000.nii.gz,fm0304_fm_202408121603_AWP206040_6_mege_t2star_cor_wholeuterus_seg_s006a2001_labels.nii.gz,match,
253,202406261332_AWP206040_5_mege_t2star_cor_wholeuterus_s005a2001_0000.nii.gz,202406261332_AWP206040_5_mege_t2star_cor_wholeuterus_seg_s005a2001_labels.nii.gz,match,
254,202303151759_PHILIPSECA816E_901_pip5T2ME_3SENSEp1o1.e05_0000.nii.gz,202303151759_PHILIPSECA816E_901_pip5T2ME_3SENSEp1o1.e02_labels.nii.gz,match,
255,fm0192_fm_202308301536_AWP206040_8_mege_t2star_cor_wholeuterus_s008a001_0000.nii.gz,fm0192_fm_202308301536_AWP206040_8_mege_t2star_cor_wholeuterus_seg_s008a001_labels.nii.gz,match,
256,fm0314_fm_202411051557_AWP206040_5_ep2d_fid_ME_cor_gp2_wholeut_s005a2001_0000.nii.gz,fm0314_fm_202411051557_AWP206040_5_ep2d_fid_ME_cor_gp2_who_seg_s005a2001_labels.nii.gz,match,
257,mibirth003201_mibirth_202404081138_AWP206040_10_mege_t2star_cor_wholeuterus_s010a2001_0000.nii.gz,mibirth003201_mibirth_202404081138_AWP206040_10_mege_t2star_cor_wholeuterus_seg_s010a2001_labels.nii.gz,match,
258,202208011455_PHILIPSECA816E_701_pip5T2ME_3SENSEp1o1.e03_0000.nii.gz,202208011455_PHILIPSECA816E_701_pip5T2ME_3SENSEp1o1.e02_labels.nii.gz,match,
259,201708161150_PHILIPSECA816E_1101_f2T2ME3SENSEp1o0.e02_0000.nii.gz,201708161150_PHILIPSECA816E_1101_f2T2ME3SENSEp1o0.e02_labels.nii.gz,match,
260,202408200825_AWP206040_19_mege_t2star_cor_wholeuterus_s019a2001_0000.nii.gz,202408200825_AWP206040_19_mege_t2star_cor_wholeuterus_seg_s019a2001_labels.nii.gz,match,Extra nose label
261,fm0300_fm_202407231231_AWP206040_4_mege_t2star_cor_wholeuterus_s004a1001_0000.nii.gz,fm0300_fm_202407231231_AWP206040_4_mege_t2star_cor_wholeuterus_seg_s004a2001_labels.nii.gz,match,
262,201708191118_PHILIPSECA816E_1301_f2T2ME3SENSEp1o0.e01_0000.nii.gz,201708191118_PHILIPSECA816E_1301_f2T2ME3SENSEp1o0.e02_labels.nii.gz,match,
263,0021_CARP_202002111444_PHILIPSJ2LF9B9_1901_PIH1T2ME_corSENSE.e03_0000.nii.gz,0021_CARP_202002111444_PHILIPSJ2LF9B9_1901_PIH1T2ME_corSENSE.e02_labels.nii.gz,match,
264,202407221327_AWP206040_29_mege_t2star_cor_wholeuterus_s029a4001_0000.nii.gz,202407221327_AWP206040_29_mege_t2star_cor_wholeuterus_seg_s029a2001_labels.nii.gz,match,
265,0014_CARP_201912030844_PHILIPSJ2LF9B9_401_PIH1T2ME_corSENSE.e02_0000.nii.gz,0014_CARP_201912030844_PHILIPSJ2LF9B9_401_PIH1T2ME_corSENSE.e02_labels.nii.gz,match,
266,202303301624_PHILIPSECA816E_701_pip5T2ME_3SENSEp1o1.e01_0000.nii.gz,202303301624_PHILIPSECA816E_701_pip5T2ME_3SENSEp1o1.e02_labels.nii.gz,match,
267,fm0275_fm_202404231127_AWP206040_6_ep2d_fid_ME_cor_gp2_wholeut_s006a3001_0000.nii.gz,fm0275_fm_202404231127_AWP206040_6_ep2d_fid_ME_cor_gp2_who_seg_s006a2001_labels.nii.gz,match,
268,0015_CARP_201912051534_PHILIPSJ2LF9B9_1801_PIH1T2ME_corSENSE.e03_0000.nii.gz,0015_CARP_201912051534_PHILIPSJ2LF9B9_1801_PIH1T2ME_corSENSE.e02_labels.nii.gz,match,
269,mibirth003201_mibirth_202404081138_AWP206040_10_mege_t2star_cor_wholeuterus_s010a3001_0000.nii.gz,mibirth003201_mibirth_202404081138_AWP206040_10_mege_t2star_cor_wholeuterus_seg_s010a2001_labels.nii.gz,match,
270,201712130925_PHILIPSECA816E_1701_f2T2ME_3SENSEp1o0.e04_0000.nii.gz,201712130925_PHILIPSECA816E_1701_f2T2ME_3SENSEp1o0.e02_labels.nii.gz,match,
271,mibirth006901_mibirth_202407151535_AWP206040_93_mege_t2star_cor_wholeuterus_s093a2001_0000.nii.gz,mibirth006901_mibirth_202407151535_AWP206040_93_mege_t2star_cor_wholeuterus_seg_s093a2001_labels.nii.gz,match,
272,0017_CARP_201912201203_PHILIPSJ2LF9B9_1901_PIH1T2ME_corSENSE.e04_0000.nii.gz,0017_CARP_201912201203_PHILIPSJ2LF9B9_1901_PIH1T2ME_corSENSE.e02_labels.nii.gz,match,
273,202109281345_PHILIPSECA816E_2501_pip5T2ME_3SENSEp1o1.e03_0000.nii.gz,202109281345_PHILIPSECA816E_2501_pip5T2ME_3SENSEp1o1.e02_labels.nii.gz,match,wrong label and no nose
274,202302231117_PHILIPSECA816E_1601_pip5T2ME_2SENSEp1o1.e05_0000.nii.gz,202302231117_PHILIPSECA816E_1601_pip5T2ME_2SENSEp1o1.e02_labels.nii.gz,match,
275,0001_pronto_202112211351_PHILIPSECA816E_1601_pip5T2ME_2SENSEp1o1.e02_0000.nii.gz,0001_pronto_202112211351_PHILIPSECA816E_1601_pip5T2ME_2SENSEp1o1.e02_labels.nii.gz,match,
276,mibirth012801_mibirth_202411041405_AWP206040_10_mege_t2star_cor_wholeuterus_s010a3001_0000.nii.gz,mibirth012801_mibirth_202411041405_AWP206040_10_mege_t2star_cor_wholeuterus_seg_s010a2001_labels.nii.gz,match,
277,201910031234_PHILIPSJ2LF9B9_401_PIH1T2ME_corSENSE.e04_0000.nii.gz,201910031234_PHILIPSJ2LF9B9_401_PIH1T2ME_corSENSE.e02_labels.nii.gz,match,
278,mibirth003201_mibirth_202404081138_AWP206040_10_mege_t2star_cor_wholeuterus_s010a1001_0000.nii.gz,mibirth003201_mibirth_202404081138_AWP206040_10_mege_t2star_cor_wholeuterus_seg_s010a2001_labels.nii.gz,match,
279,202109281345_PHILIPSECA816E_2501_pip5T2ME_3SENSEp1o1.e04_0000.nii.gz,202109281345_PHILIPSECA816E_2501_pip5T2ME_3SENSEp1o1.e02_labels.nii.gz,match,wrong label and no nose
280,202303151759_PHILIPSECA816E_901_pip5T2ME_3SENSEp1o1.e03_0000.nii.gz,202303151759_PHILIPSECA816E_901_pip5T2ME_3SENSEp1o1.e02_labels.nii.gz,match,
281,202207050953_PHILIPSECA816E_1901_pip5T2ME_2SENSEp1o1.e01_0000.nii.gz,202207050953_PHILIPSECA816E_1901_pip5T2ME_2SENSEp1o1.e02_labels.nii.gz,match,
282,0019_CARP_202002111153_PHILIPSJ2LF9B9_2001_PIH1T2ME_corSENSE.e04_0000.nii.gz,0019_CARP_202002111153_PHILIPSJ2LF9B9_2001_PIH1T2ME_corSENSE.e02_labels.nii.gz,match,
283,201910011114_PHILIPSJ2LF9B9_2101_PIH1T2ME_corSENSE.e02_0000.nii.gz,201910011114_PHILIPSJ2LF9B9_2101_PIH1T2ME_corSENSE.e02_labels.nii.gz,match,
284,mibirth008901_mibirth_202408270849_AWP206040_24_mege_t2star_cor_wholeuterus_s024a1001_0000.nii.gz,mibirth008901_mibirth_202408270849_AWP206040_24_mege_t2star_cor_wholeuterus_seg_s024a2001_labels.nii.gz,match,
285,16-34-06-gadgetron-fetal-brain-localisation-img_initial_0000.nii.gz,16-34-06-gadgetron-fetal-brain-localisation-img_initial_labels.nii.gz,match,
286,202304241145_PHILIPSECA816E_1901_pip5T2ME_2SENSEp1o1.e01_0000.nii.gz,202304241145_PHILIPSECA816E_1901_pip5T2ME_2SENSEp1o1.e02_labels.nii.gz,match,
287,202208011455_PHILIPSECA816E_701_pip5T2ME_3SENSEp1o1.e01_0000.nii.gz,202208011455_PHILIPSECA816E_701_pip5T2ME_3SENSEp1o1.e02_labels.nii.gz,match,
288,201707191343_PHILIPSECA816E_2401_f2T2ME3SENSEp1o0.e03_0000.nii.gz,201707191343_PHILIPSECA816E_2401_f2T2ME3SENSEp1o0.e02_labels.nii.gz,match,
289,202407221327_AWP206040_29_mege_t2star_cor_wholeuterus_s029a3001_0000.nii.gz,202407221327_AWP206040_29_mege_t2star_cor_wholeuterus_seg_s029a2001_labels.nii.gz,mismatch,
289,mibirth006901_mibirth_202407151535_AWP206040_93_mege_t2star_cor_wholeuterus_s093a4001_0000.nii.gz,mibirth006901_mibirth_202407151535_AWP206040_93_mege_t2star_cor_wholeuterus_seg_s093a2001_labels.nii.gz,match,
290,202301041558_PHILIPSECA816E_1701_pip5T2ME_2SENSEp1o1.e01_0000.nii.gz,202301041558_PHILIPSECA816E_1701_pip5T2ME_2SENSEp1o1.e02_labels.nii.gz,match,
291,202201261421_PHILIPSECA816E_2601_pip5T2ME_3SENSEp1o1.e01_0000.nii.gz,202201261421_PHILIPSECA816E_2601_pip5T2ME_3SENSEp1o1.e02_labels.nii.gz,match,
292,202211161623_PHILIPSECA816E_701_pip5T2ME_3SENSEp1o1.e01_0000.nii.gz,202211161623_PHILIPSECA816E_701_pip5T2ME_3SENSEp1o1.e02_labels.nii.gz,match,
293,00062_CARP_201912131157_PHILIPSJ2LF9B9_301_PIH1T2ME_corSENSE.e01_0000.nii.gz,00062_CARP_201912131157_PHILIPSJ2LF9B9_301_PIH1T2ME_corSENSE.e02_labels.nii.gz,match,
294,202304241145_PHILIPSECA816E_1901_pip5T2ME_2SENSEp1o1.e05_0000.nii.gz,202304241145_PHILIPSECA816E_1901_pip5T2ME_2SENSEp1o1.e02_labels.nii.gz,match,
295,12-28-46-gadgetron-fetal-brain-localisation-img_initial_0000.nii.gz,12-28-46-gadgetron-fetal-brain-localisation-img_initial_labels.nii.gz,match,
296,202301231502_PHILIPSECA816E_801_pip5T2ME_3SENSEp1o1.e03_0000.nii.gz,202301231502_PHILIPSECA816E_801_pip5T2ME_3SENSEp1o1.e02_labels.nii.gz,match,
297,202204071248_PHILIPSECA816E_1501_pip5T2ME_2SENSEp1o1.e05_0000.nii.gz,202204071248_PHILIPSECA816E_1501_pip5T2ME_2SENSEp1o1.e02_labels.nii.gz,match,
298,202112140939_PHILIPSECA816E_2701_pip5T2ME_3SENSEp1o1.e05_0000.nii.gz,202112140939_PHILIPSECA816E_2701_pip5T2ME_3SENSEp1o1.e02_labels.nii.gz,match,
299,202406031550_AWP206040_12_mege_t2star_cor_wholeuterus_s012a2001_0000.nii.gz,202406031550_AWP206040_12_mege_t2star_cor_wholeuterus_seg_s012a2001_labels.nii.gz,match,
300,201707191343_PHILIPSECA816E_2401_f2T2ME3SENSEp1o0.e05_0000.nii.gz,201707191343_PHILIPSECA816E_2401_f2T2ME3SENSEp1o0.e02_labels.nii.gz,match,
301,202301270933_PHILIPSECA816E_1601_pip5T2ME_2SENSEp1o1.e02_0000.nii.gz,202301270933_PHILIPSECA816E_1601_pip5T2ME_2SENSEp1o1.e02_labels.nii.gz,match,
302,201712130925_PHILIPSECA816E_1701_f2T2ME_3SENSEp1o0.e02_0000.nii.gz,201712130925_PHILIPSECA816E_1701_f2T2ME_3SENSEp1o0.e02_labels.nii.gz,match,
303,201708191118_PHILIPSECA816E_1301_f2T2ME3SENSEp1o0.e04_0000.nii.gz,201708191118_PHILIPSECA816E_1301_f2T2ME3SENSEp1o0.e02_labels.nii.gz,match,
304,mibirth014501_mibirth_202411251538_AWP206040_10_mege_t2star_cor_wholeuterus_s010a1001_0000.nii.gz,mibirth014501_mibirth_202411251538_AWP206040_10_mege_t2star_cor_wholeuterus_seg_s010a2001_labels.nii.gz,match,
305,202407160847_AWP206040_31_mege_t2star_cor_wholeuterus_s031a2001_0000.nii.gz,202407160847_AWP206040_31_mege_t2star_cor_wholeuterus_seg_s031a2001_labels.nii.gz,match,
306,202304241145_PHILIPSECA816E_1901_pip5T2ME_2SENSEp1o1.e04_0000.nii.gz,202304241145_PHILIPSECA816E_1901_pip5T2ME_2SENSEp1o1.e02_labels.nii.gz,match,
307,fm0311_fm_202410221246_AWP206040_14_mege_t2star_cor_wholeuterus_s014a4001_0000.nii.gz,fm0311_fm_202410221246_AWP206040_14_mege_t2star_cor_wholeuteru_seg_s014a2001_labels.nii.gz,match,
308,201910031234_PHILIPSJ2LF9B9_401_PIH1T2ME_corSENSE.e03_0000.nii.gz,201910031234_PHILIPSJ2LF9B9_401_PIH1T2ME_corSENSE.e02_labels.nii.gz,match,
309,0011_CARP_201911190844_PHILIPSJ2LF9B9_1901_PIH1T2ME_corSENSE.e02_0000.nii.gz,0011_CARP_201911190844_PHILIPSJ2LF9B9_1901_PIH1T2ME_corSENSE.e02_labels.nii.gz,match,
310,202209020924_PHILIPSECA816E_3701_pip5T2ME_2SENSEp1o1.e01_0000.nii.gz,202209020924_PHILIPSECA816E_3701_pip5T2ME_2SENSEp1o1.e02_labels.nii.gz,match,
311,51_PIP_201708251138_PHILIPSECA816E_1201_f2T2ME3SENSEp1o0.e02_0000.nii.gz,51_PIP_201708251138_PHILIPSECA816E_1201_f2T2ME3SENSEp1o0.e02_labels.nii.gz,match,
312,0017_CARP_201912201203_PHILIPSJ2LF9B9_1901_PIH1T2ME_corSENSE.e05_0000.nii.gz,0017_CARP_201912201203_PHILIPSJ2LF9B9_1901_PIH1T2ME_corSENSE.e02_labels.nii.gz,match,
313,fm0295_fm_202407020935_AWP206040_4_mege_t2star_cor_wholeuterus_s004a2001_0000.nii.gz,fm0295_fm_202407020935_AWP206040_4_mege_t2star_cor_wholeuterus_seg_s004a2001_labels.nii.gz,match,
314,mibirth004801_mibirth_202405221605_AWP206040_14_mege_t2star_cor_wholeuterus_s014a1001_0000.nii.gz,mibirth004801_mibirth_202405221605_AWP206040_14_mege_t2star_cor_wholeuterus_seg_s014a2001_labels.nii.gz,match,
315,201708100957_PHILIPSECA816E_1501_f2T2ME3SENSEp1o0.e03_0000.nii.gz,201708100957_PHILIPSECA816E_1501_f2T2ME3SENSEp1o0.e02_labels.nii.gz,match,
316,mibirth004801_mibirth_202405221605_AWP206040_14_mege_t2star_cor_wholeuterus_s014a2001_0000.nii.gz,mibirth004801_mibirth_202405221605_AWP206040_14_mege_t2star_cor_wholeuterus_seg_s014a2001_labels.nii.gz,match,
317,mibirth010801_mibirth_202409251439_AWP206040_114_mege_t2star_cor_wholeuterus_s114a1001_0000.nii.gz,mibirth010801_mibirth_202409251439_AWP206040_114_mege_t2star_cor_wholeuterus_seg_s114a2001_labels.nii.gz,match,
318,201709251447_PHILIPSECA816E_2401_f2T2ME3SENSEp1o0.e01_0000.nii.gz,201709251447_PHILIPSECA816E_2401_f2T2ME3SENSEp1o0.e02_labels.nii.gz,match,
319,fm0295_fm_202407020935_AWP206040_4_mege_t2star_cor_wholeuterus_s004a3001_0000.nii.gz,fm0295_fm_202407020935_AWP206040_4_mege_t2star_cor_wholeuterus_seg_s004a2001_labels.nii.gz,mismatch,
319,0012_CARP_201911261054_PHILIPSJ2LF9B9_401_PIH1T2ME_corSENSE.e03_0000.nii.gz,0012_CARP_201911261054_PHILIPSJ2LF9B9_401_PIH1T2ME_corSENSE.e02_labels.nii.gz,match,
320,0012_CARP_201911261054_PHILIPSJ2LF9B9_401_PIH1T2ME_corSENSE.e02_0000.nii.gz,0012_CARP_201911261054_PHILIPSJ2LF9B9_401_PIH1T2ME_corSENSE.e02_labels.nii.gz,match,
321,201910031234_PHILIPSJ2LF9B9_401_PIH1T2ME_corSENSE.e01_0000.nii.gz,201910031234_PHILIPSJ2LF9B9_401_PIH1T2ME_corSENSE.e02_labels.nii.gz,match,
322,202210141244_PHILIPSECA816E_701_pip5T2ME_3SENSEp1o1.e01_0000.nii.gz,202210141244_PHILIPSECA816E_701_pip5T2ME_3SENSEp1o1.e02_labels.nii.gz,match,
323,mibirth006901_mibirth_202407151535_AWP206040_93_mege_t2star_cor_wholeuterus_s093a1001_0000.nii.gz,mibirth006901_mibirth_202407151535_AWP206040_93_mege_t2star_cor_wholeuterus_seg_s093a2001_labels.nii.gz,match,
324,0018_CARP_202001021156_PHILIPSJ2LF9B9_301_PIH1T2ME_corSENSE.e04_0000.nii.gz,0018_CARP_202001021156_PHILIPSJ2LF9B9_301_PIH1T2ME_corSENSE.e02_labels.nii.gz,match,
325,11-15-58-gadgetron-fetal-brain-localisation-img_initial_0000.nii.gz,11-15-58-gadgetron-fetal-brain-localisation-img_initial_labels.nii.gz,match,
326,fm0292_fm_202406241147_AWP206040_6_ep2d_fid_ME_cor_gp2_wholeut_s006a2001_0000.nii.gz,fm0292_fm_202406241147_AWP206040_6_ep2d_fid_ME_cor_gp2_who_seg_s006a2001_labels.nii.gz,match,
327,202207050953_PHILIPSECA816E_1901_pip5T2ME_2SENSEp1o1.e02_0000.nii.gz,202207050953_PHILIPSECA816E_1901_pip5T2ME_2SENSEp1o1.e02_labels.nii.gz,match,
328,202303151759_PHILIPSECA816E_901_pip5T2ME_3SENSEp1o1.e04_0000.nii.gz,202303151759_PHILIPSECA816E_901_pip5T2ME_3SENSEp1o1.e02_labels.nii.gz,match,
329,202308291218_PHILIPSECA816E_901_pip5T2ME_3SENSEp1o1.e01_0000.nii.gz,202308291218_PHILIPSECA816E_901_pip5T2ME_3SENSEp1o1.e02_labels.nii.gz,match,
330,09-15-10-gadgetron-fetal-brain-localisation-img_initial_0000.nii.gz,09-15-10-gadgetron-fetal-brain-localisation-img_initial_labels.nii.gz,match,
331,202308291218_PHILIPSECA816E_901_pip5T2ME_3SENSEp1o1.e03_0000.nii.gz,202308291218_PHILIPSECA816E_901_pip5T2ME_3SENSEp1o1.e02_labels.nii.gz,match,
332,202406031550_AWP206040_12_mege_t2star_cor_wholeuterus_s012a3001_0000.nii.gz,202406031550_AWP206040_12_mege_t2star_cor_wholeuterus_seg_s012a2001_labels.nii.gz,mismatch,
332,202207050953_PHILIPSECA816E_1901_pip5T2ME_2SENSEp1o1.e03_0000.nii.gz,202207050953_PHILIPSECA816E_1901_pip5T2ME_2SENSEp1o1.e02_labels.nii.gz,match,
333,0019_CARP_202002111153_PHILIPSJ2LF9B9_2001_PIH1T2ME_corSENSE.e02_0000.nii.gz,0019_CARP_202002111153_PHILIPSJ2LF9B9_2001_PIH1T2ME_corSENSE.e02_labels.nii.gz,match,
334,202303301624_PHILIPSECA816E_701_pip5T2ME_3SENSEp1o1.e02_0000.nii.gz,202303301624_PHILIPSECA816E_701_pip5T2ME_3SENSEp1o1.e02_labels.nii.gz,match,
335,fm0300_fm_202407231231_AWP206040_4_mege_t2star_cor_wholeuterus_s004a3001_0000.nii.gz,fm0300_fm_202407231231_AWP206040_4_mege_t2star_cor_wholeuterus_seg_s004a2001_labels.nii.gz,mismatch,
335,fm0289_fm_202406121655_AWP206040_6_ep2d_fid_ME_cor_gp2_wholeut_s006a2001_0000.nii.gz,fm0289_fm_202406121655_AWP206040_6_ep2d_fid_ME_cor_gp2_wholeuterus_seg_labels.nii.gz,match,
336,201910011114_PHILIPSJ2LF9B9_2101_PIH1T2ME_corSENSE.e03_0000.nii.gz,201910011114_PHILIPSJ2LF9B9_2101_PIH1T2ME_corSENSE.e02_labels.nii.gz,match,
337,mibirth007901_mibirth_202408050935_AWP206040_31_mege_t2star_cor_wholeuterus_s031a1001_0000.nii.gz,mibirth007901_mibirth_202408050935_AWP206040_31_mege_t2star_cor_wholeuterus_seg_s031a2001_labels.nii.gz,match,
338,202109281345_PHILIPSECA816E_2501_pip5T2ME_3SENSEp1o1.e02_0000.nii.gz,202109281345_PHILIPSECA816E_2501_pip5T2ME_3SENSEp1o1.e02_labels.nii.gz,match,wrong label and no nose
339,202207050953_PHILIPSECA816E_1901_pip5T2ME_2SENSEp1o1.e05_0000.nii.gz,202207050953_PHILIPSECA816E_1901_pip5T2ME_2SENSEp1o1.e02_labels.nii.gz,match,
340,202305171709_PHILIPSECA816E_801_pip5T2ME_3SENSEp1o1.e04_0000.nii.gz,202305171709_PHILIPSECA816E_801_pip5T2ME_3SENSEp1o1.e02_labels.nii.gz,match,
341,fm0300_fm_202407231231_AWP206040_4_mege_t2star_cor_wholeuterus_s004a4001_0000.nii.gz,fm0300_fm_202407231231_AWP206040_4_mege_t2star_cor_wholeuterus_seg_s004a2001_labels.nii.gz,match,
342,mibirth015501_mibirth_202412171407_AWP206040_10_mege_t2star_cor_wholeuterus_s010a1001_0000.nii.gz,mibirth015501_mibirth_202412171407_AWP206040_10_mege_t2star_cor_wholeuterus_seg_s010a2001_labels.nii.gz,match,
343,fm0289_fm_202406121655_AWP206040_6_ep2d_fid_ME_cor_gp2_wholeut_s006a1001_0000.nii.gz,fm0289_fm_202406121655_AWP206040_6_ep2d_fid_ME_cor_gp2_wholeuterus_seg_labels.nii.gz,match,
344,201708191118_PHILIPSECA816E_1301_f2T2ME3SENSEp1o0.e02_0000.nii.gz,201708191118_PHILIPSECA816E_1301_f2T2ME3SENSEp1o0.e02_labels.nii.gz,match,
345,202307141335_PHILIPSECA816E_801_pip5T2ME_3SENSEp1o1.e02_0000.nii.gz,202307141335_PHILIPSECA816E_801_pip5T2ME_3SENSEp1o1.e02_labels.nii.gz,match,
346,201707191343_PHILIPSECA816E_2401_f2T2ME3SENSEp1o0.e04_0000.nii.gz,201707191343_PHILIPSECA816E_2401_f2T2ME3SENSEp1o0.e02_labels.nii.gz,match,
347,201708230942_PHILIPSECA816E_1201_f2T2ME3SENSEp1o0.e01_0000.nii.gz,201708230942_PHILIPSECA816E_1201_f2T2ME3SENSEp1o0.e02_labels.nii.gz,match,
348,202301231502_PHILIPSECA816E_801_pip5T2ME_3SENSEp1o1.e02_0000.nii.gz,202301231502_PHILIPSECA816E_801_pip5T2ME_3SENSEp1o1.e02_labels.nii.gz,match,
349,0019_CARP_202002111153_PHILIPSJ2LF9B9_2001_PIH1T2ME_corSENSE.e01_0000.nii.gz,0019_CARP_202002111153_PHILIPSJ2LF9B9_2001_PIH1T2ME_corSENSE.e02_labels.nii.gz,match,
350,0013_CARP_201912051243_PHILIPSJ2LF9B9_2501_PIH1T2ME_corSENSE.e03_0000.nii.gz,0013_CARP_201912051243_PHILIPSJ2LF9B9_2501_PIH1T2ME_corSENSE.e02_labels.nii.gz,match,
351,mibirth002901_mibirth_202403131545_AWP206040_8_mege_t2star_cor_wholeuterus_s008a001_0000.nii.gz,mibirth002901_mibirth_202403131545_AWP206040_8_mege_t2star_cor_wholeuterus_seg_s008a001_labels.nii.gz,match,
352,15-48-21-gadgetron-fetal-brain-localisation-img_initial_0000.nii.gz,15-48-21-gadgetron-fetal-brain-localisation-img_initial_labels.nii.gz,match,
353,0020_CARP_202001140912_PHILIPSJ2LF9B9_401_PIH1T2ME_corSENSE.e03_0000.nii.gz,0020_CARP_202001140912_PHILIPSJ2LF9B9_401_PIH1T2ME_corSENSE.e02_labels.nii.gz,match,
354,185_chip_202111261619_PHILIPSECA816E_2801_pip5T2ME_3SENSEp1o1.e03_0000.nii.gz,185_chip_202111261619_PHILIPSECA816E_2801_pip5T2ME_3SENSEp1o1.e02_labels.nii.gz,match,
355,185_chip_202111261619_PHILIPSECA816E_2801_pip5T2ME_3SENSEp1o1.e05_0000.nii.gz,185_chip_202111261619_PHILIPSECA816E_2801_pip5T2ME_3SENSEp1o1.e02_labels.nii.gz,match,
356,202211161623_PHILIPSECA816E_701_pip5T2ME_3SENSEp1o1.e03_0000.nii.gz,202211161623_PHILIPSECA816E_701_pip5T2ME_3SENSEp1o1.e02_labels.nii.gz,match,
357,202407221327_AWP206040_29_mege_t2star_cor_wholeuterus_s029a2001_0000.nii.gz,202407221327_AWP206040_29_mege_t2star_cor_wholeuterus_seg_s029a2001_labels.nii.gz,match,
358,201711161132_PHILIPSECA816E_1101_f2T2ME_3SENSEp1o0.e03_0000.nii.gz,201711161132_PHILIPSECA816E_1101_f2T2ME_3SENSEp1o0.e02_labels.nii.gz,match,
359,202109281345_PHILIPSECA816E_2501_pip5T2ME_3SENSEp1o1.e05_0000.nii.gz,202109281345_PHILIPSECA816E_2501_pip5T2ME_3SENSEp1o1.e02_labels.nii.gz,match,wrong label and no nose
360,mibirth002201_mibirth_202402191602_AWP206040_5_mege_t2star_cor_wholeuterus_s005a001_0000.nii.gz,mibirth002201_mibirth_202402191602_AWP206040_5_mege_t2star_cor_wholeuterus_seg_s005a001_labels.nii.gz,match,
361,201910011114_PHILIPSJ2LF9B9_2101_PIH1T2ME_corSENSE.e04_0000.nii.gz,201910011114_PHILIPSJ2LF9B9_2101_PIH1T2ME_corSENSE.e02_labels.nii.gz,match,
362,fm0314_fm_202411051557_AWP206040_5_ep2d_fid_ME_cor_gp2_wholeut_s005a4001_0000.nii.gz,fm0314_fm_202411051557_AWP206040_5_ep2d_fid_ME_cor_gp2_who_seg_s005a2001_labels.nii.gz,match,
363,202306081517_PHILIPSECA816E_901_pip5T2ME_3SENSEp1o1.e01_0000.nii.gz,202306081517_PHILIPSECA816E_901_pip5T2ME_3SENSEp1o1.e02_labels.nii.gz,match,
364,201708100957_PHILIPSECA816E_1501_f2T2ME3SENSEp1o0.e02_0000.nii.gz,201708100957_PHILIPSECA816E_1501_f2T2ME3SENSEp1o0.e02_labels.nii.gz,match,
365,0013_CARP_201912051243_PHILIPSJ2LF9B9_2501_PIH1T2ME_corSENSE.e02_0000.nii.gz,0013_CARP_201912051243_PHILIPSJ2LF9B9_2501_PIH1T2ME_corSENSE.e02_labels.nii.gz,match,
366,0016_CARP_201912101009_PHILIPSJ2LF9B9_401_PIH1T2ME_corSENSE.e02_0000.nii.gz,0016_CARP_201912101009_PHILIPSJ2LF9B9_401_PIH1T2ME_corSENSE.e02_labels.nii.gz,match,
367,201708161150_PHILIPSECA816E_1101_f2T2ME3SENSEp1o0.e03_0000.nii.gz,201708161150_PHILIPSECA816E_1101_f2T2ME3SENSEp1o0.e02_labels.nii.gz,match,
368,mibirth008901_mibirth_202408270849_AWP206040_24_mege_t2star_cor_wholeuterus_s024a2001_0000.nii.gz,mibirth008901_mibirth_202408270849_AWP206040_24_mege_t2star_cor_wholeuterus_seg_s024a2001_labels.nii.gz,match,
369,202303271330_PHILIPSECA816E_1601_pip5T2ME_2SENSEp1o1.e03_0000.nii.gz,202303271330_PHILIPSECA816E_1601_pip5T2ME_2SENSEp1o1.e02_labels.nii.gz,match,
370,202207050953_PHILIPSECA816E_1901_pip5T2ME_2SENSEp1o1.e04_0000.nii.gz,202207050953_PHILIPSECA816E_1901_pip5T2ME_2SENSEp1o1.e02_labels.nii.gz,match,
371,mibirth004801_mibirth_202405221605_AWP206040_14_mege_t2star_cor_wholeuterus_s014a3001_0000.nii.gz,mibirth004801_mibirth_202405221605_AWP206040_14_mege_t2star_cor_wholeuterus_seg_s014a2001_labels.nii.gz,match,
372,202303271330_PHILIPSECA816E_1601_pip5T2ME_2SENSEp1o1.e02_0000.nii.gz,202303271330_PHILIPSECA816E_1601_pip5T2ME_2SENSEp1o1.e02_labels.nii.gz,match,
373,fm0304_fm_202408121603_AWP206040_6_mege_t2star_cor_wholeuterus_s006a2001_0000.nii.gz,fm0304_fm_202408121603_AWP206040_6_mege_t2star_cor_wholeuterus_seg_s006a2001_labels.nii.gz,match,
